Node1,Node2,Weight
1,48,9
1,53,10
1,54,4
1,73,5
1,88,7
1,92,5
1,119,4
1,126,5
1,133,5
1,194,5
1,236,6
1,280,6
1,299,7
1,315,6
1,322,9
1,346,5
2,20,8
2,115,8
2,116,7
2,149,9
2,226,9
2,312,8
2,326,8
2,333,5
2,343,9
3,9,13
3,25,12
3,26,12
3,67,12
3,72,6
3,85,6
3,122,12
3,142,10
3,170,12
3,188,13
3,200,13
3,228,2
3,274,7
3,280,10
3,283,3
3,323,13
4,78,8
4,152,3
4,181,9
4,195,8
4,218,8
4,273,8
4,275,9
4,306,8
4,328,8
5,87,3
5,122,6
5,156,3
5,158,2
5,169,3
5,180,3
5,187,2
5,204,3
5,213,5
5,235,3
5,315,6
5,316,1
6,89,5
6,95,4
6,147,5
6,219,4
6,319,5
7,22,6
7,31,7
7,38,3
7,65,2
7,87,10
7,103,3
7,129,6
7,136,10
7,168,8
7,213,9
7,246,10
7,291,8
7,304,9
7,308,9
7,315,9
7,322,10
7,339,16
7,340,4
7,347,6
8,91,7
8,110,4
8,193,3
8,201,3
8,245,3
8,259,7
8,264,4
9,21,31
9,25,38
9,26,44
9,30,9
9,56,42
9,66,12
9,67,42
9,69,6
9,72,16
9,75,12
9,79,11
9,85,12
9,105,10
9,113,26
9,119,28
9,122,37
9,128,17
9,133,11
9,134,14
9,141,18
9,142,27
9,148,10
9,156,8
9,161,15
9,169,19
9,170,30
9,176,11
9,185,19
9,186,23
9,188,39
9,199,24
9,200,34
9,203,28
9,224,18
9,231,9
9,232,18
9,252,34
9,258,11
9,271,43
9,272,28
9,276,12
9,277,31
9,280,29
9,285,25
9,291,21
9,295,4
9,297,19
9,304,30
9,315,28
9,322,37
9,323,26
9,329,10
9,334,18
9,341,9
9,342,16
10,67,8
10,142,8
10,169,6
10,200,7
10,277,9
10,285,7
10,291,4
10,323,7
10,332,9
13,21,19
13,26,22
13,56,27
13,59,14
13,65,5
13,67,24
13,82,18
13,98,27
13,109,16
13,118,23
13,119,20
13,148,7
13,172,22
13,188,13
13,199,21
13,211,18
13,223,18
13,236,7
13,238,17
13,239,24
13,252,28
13,261,22
13,265,18
13,271,29
13,277,18
13,304,19
13,313,21
13,325,25
13,332,13
13,342,21
14,20,9
14,28,11
14,41,13
14,115,12
14,116,11
14,144,11
14,149,10
14,151,6
14,214,8
14,226,11
14,310,4
14,312,13
14,326,12
14,343,11
16,29,4
16,82,6
16,118,6
16,172,8
16,261,4
16,329,3
16,331,5
16,332,4
17,19,5
17,41,12
17,111,7
17,115,10
17,116,8
17,137,9
17,140,9
17,144,7
17,214,10
17,310,4
17,312,11
17,326,10
19,41,6
19,89,2
19,112,2
19,115,6
19,138,1
19,174,3
19,175,2
19,214,7
19,227,2
19,289,2
19,293,2
19,312,6
19,319,2
19,343,5
20,41,10
20,44,5
20,111,7
20,115,10
20,149,10
20,162,6
20,214,9
20,226,10
20,312,13
20,326,12
20,333,7
20,343,14
21,25,33
21,26,44
21,31,12
21,39,11
21,40,23
21,55,14
21,56,43
21,66,13
21,67,48
21,88,6
21,98,28
21,104,24
21,105,10
21,108,9
21,109,25
21,119,28
21,121,7
21,122,46
21,123,14
21,127,9
21,134,13
21,136,9
21,142,34
21,159,10
21,161,16
21,165,8
21,169,25
21,170,29
21,184,9
21,186,29
21,188,30
21,197,9
21,200,39
21,203,34
21,212,11
21,223,18
21,232,13
21,235,2
21,236,22
21,239,35
21,248,13
21,251,8
21,252,44
21,271,39
21,272,26
21,274,7
21,277,42
21,280,30
21,281,10
21,284,9
21,297,20
21,304,33
21,308,15
21,313,17
21,315,27
21,322,34
21,323,25
21,325,24
21,332,24
21,334,20
21,342,20
21,345,9
22,87,4
22,158,3
22,168,6
22,185,1
22,277,5
22,308,4
22,324,2
22,339,7
22,347,4
23,51,3
23,61,1
23,83,3
23,99,3
23,116,2
23,124,1
23,144,2
23,155,1
23,175,3
23,190,1
23,227,3
23,230,1
23,237,3
23,240,1
23,245,1
23,267,1
24,53,12
24,57,7
24,80,13
24,92,15
24,94,14
24,101,14
24,180,14
24,187,13
24,194,14
24,242,15
24,249,15
24,266,13
24,299,13
24,302,14
24,346,15
25,26,43
25,31,13
25,39,10
25,40,25
25,51,5
25,56,41
25,65,4
25,67,41
25,69,7
25,72,17
25,73,4
25,76,2
25,79,11
25,83,5
25,84,8
25,88,9
25,94,1
25,98,29
25,103,10
25,104,20
25,105,12
25,113,26
25,119,31
25,122,36
25,130,6
25,141,21
25,148,11
25,158,10
25,169,22
25,170,25
25,176,11
25,185,20
25,186,28
25,188,30
25,199,23
25,200,39
25,203,28
25,221,5
25,224,18
25,231,10
25,232,20
25,236,22
25,237,5
25,239,33
25,246,3
25,252,34
25,257,12
25,270,3
25,271,44
25,272,27
25,276,15
25,277,34
25,280,33
25,283,2
25,285,27
25,288,2
25,290,12
25,291,22
25,297,20
25,322,36
25,323,24
25,325,20
25,331,9
25,332,25
25,336,2
26,40,32
26,55,15
26,56,53
26,62,20
26,66,14
26,67,58
26,69,6
26,72,19
26,79,10
26,98,37
26,104,27
26,109,28
26,113,32
26,118,21
26,119,32
26,122,45
26,123,13
26,128,24
26,133,14
26,134,16
26,141,23
26,142,37
26,158,15
26,161,18
26,169,27
26,170,33
26,172,26
26,176,10
26,185,18
26,186,31
26,188,35
26,199,35
26,200,46
26,203,39
26,212,16
26,223,22
26,224,20
26,232,23
26,236,25
26,239,46
26,248,17
26,252,50
26,257,11
26,265,19
26,271,54
26,276,16
26,277,41
26,280,31
26,285,28
26,291,21
26,295,7
26,297,20
26,298,10
26,304,40
26,308,14
26,313,22
26,315,32
26,322,41
26,323,28
26,325,29
26,332,29
26,334,21
27,54,3
27,119,4
27,324,3
27,329,4
28,41,11
28,115,10
28,116,10
28,140,7
28,144,11
28,149,8
28,151,6
28,226,9
28,310,4
28,312,11
28,326,10
29,40,4
29,82,8
29,106,2
29,118,7
29,172,9
29,203,7
29,211,5
29,231,5
29,247,1
29,252,5
29,338,3
30,48,4
30,56,10
30,73,3
30,178,5
30,188,8
30,200,9
30,213,7
30,224,9
30,236,8
30,271,11
30,303,6
30,304,9
30,322,14
30,329,4
30,331,4
31,51,5
31,67,12
31,83,5
31,84,6
31,109,9
31,122,11
31,129,5
31,142,10
31,168,7
31,200,11
31,237,5
31,252,14
31,277,15
31,280,11
31,291,9
31,304,13
31,308,9
31,338,3
31,339,6
32,93,5
32,137,5
32,167,5
32,310,5
32,337,5
33,42,1
34,173,3
34,348,3
34,414,3
34,428,2
35,143,1
36,108,8
36,127,10
36,135,9
36,184,10
36,197,10
36,251,10
36,281,10
36,284,10
36,309,9
36,320,10
38,117,1
38,141,1
38,178,2
38,248,2
38,322,4
38,332,2
38,339,3
39,69,4
39,105,8
39,119,8
39,121,5
39,141,4
39,161,3
39,165,4
39,200,7
39,257,5
39,277,8
39,280,10
39,313,3
40,56,31
40,67,29
40,72,18
40,77,3
40,113,20
40,132,9
40,133,9
40,141,17
40,142,18
40,158,14
40,169,17
40,172,21
40,199,22
40,200,23
40,203,23
40,212,13
40,213,11
40,224,14
40,231,14
40,232,19
40,239,27
40,257,11
40,258,4
40,265,11
40,271,30
40,272,17
40,274,3
40,277,24
40,280,22
40,298,10
40,304,25
40,307,1
40,315,22
40,317,3
40,322,24
40,325,17
40,329,9
40,332,21
40,334,13
41,44,5
41,93,5
41,111,12
41,115,15
41,116,12
41,137,12
41,140,10
41,144,12
41,151,6
41,214,14
41,226,10
41,230,2
41,243,5
41,310,10
41,312,19
41,326,15
41,337,6
41,343,13
44,111,5
44,312,5
44,343,5
45,67,9
45,104,8
45,122,9
45,132,2
45,142,9
45,186,10
45,200,7
45,221,4
45,303,10
45,322,10
45,345,7
46,143,4
46,175,4
46,177,4
46,278,4
47,301,1
48,53,11
48,54,4
48,57,4
48,73,7
48,80,7
48,88,8
48,119,7
48,126,5
48,130,5
48,180,5
48,199,5
48,203,6
48,271,7
48,299,8
48,302,6
48,320,3
48,322,10
48,330,5
48,332,5
49,192,1
49,241,1
49,255,1
50,109,7
50,113,6
50,119,8
50,146,3
50,148,5
50,203,7
50,277,6
50,314,2
50,331,4
50,334,4
51,83,6
51,84,5
51,237,6
52,192,1
53,54,3
53,88,6
53,92,17
53,94,16
53,101,16
53,130,8
53,146,2
53,180,16
53,191,2
53,194,16
53,196,10
53,204,16
53,213,8
53,242,18
53,248,2
53,249,18
53,254,15
53,260,2
53,266,15
53,299,15
53,302,17
53,315,7
53,317,3
53,322,9
53,330,14
53,332,4
53,346,18
54,119,6
54,313,2
54,329,3
55,56,15
55,67,16
55,104,13
55,122,15
55,123,11
55,170,13
55,185,6
55,186,14
55,200,15
55,203,13
55,239,15
55,252,14
55,261,8
55,277,13
56,59,16
56,60,6
56,62,19
56,63,5
56,66,13
56,67,57
56,72,20
56,75,10
56,82,22
56,88,6
56,98,44
56,103,13
56,104,26
56,109,28
56,113,34
56,118,29
56,119,33
56,122,44
56,128,24
56,132,10
56,134,17
56,136,11
56,141,19
56,142,32
56,161,18
56,169,26
56,170,37
56,172,34
56,185,19
56,186,38
56,188,35
56,199,42
56,200,42
56,203,47
56,207,2
56,211,27
56,212,15
56,213,19
56,221,6
56,222,9
56,223,25
56,231,13
56,232,20
56,238,20
56,239,51
56,252,51
56,261,28
56,265,23
56,271,60
56,272,25
56,276,13
56,277,43
56,285,38
56,290,11
56,291,21
56,297,20
56,298,10
56,303,16
56,304,39
56,313,30
56,315,32
56,322,46
56,323,28
56,325,35
56,331,15
56,332,28
56,334,20
56,341,10
56,342,30
57,80,10
57,92,8
57,108,3
57,184,4
57,204,9
57,213,6
57,242,9
57,249,9
57,277,3
57,302,8
57,320,6
57,346,10
58,107,3
58,171,7
58,269,1
59,82,14
59,98,16
59,118,16
59,172,16
59,186,8
59,203,15
59,211,15
59,238,15
59,239,14
59,250,2
59,252,15
59,261,16
59,268,9
59,271,17
59,325,17
59,342,13
60,158,3
60,239,5
60,285,5
60,291,3
60,313,4
60,322,5
61,193,1
62,67,19
62,96,4
62,98,14
62,122,18
62,130,2
62,133,8
62,141,13
62,142,13
62,161,8
62,170,14
62,186,16
62,199,13
62,200,17
62,223,11
62,224,12
62,236,13
62,239,17
62,261,10
62,276,12
62,318,3
62,322,19
62,323,14
62,341,6
63,261,5
63,271,5
63,313,5
63,342,5
64,100,5
64,119,6
64,150,6
64,171,5
64,189,6
64,217,6
65,82,7
65,118,6
65,203,6
65,252,7
65,261,8
65,297,5
65,314,3
65,339,2
66,67,14
66,113,12
66,122,11
66,134,11
66,142,13
66,239,10
66,252,14
66,304,13
66,308,8
66,334,12
67,69,6
67,72,16
67,75,10
67,79,11
67,82,17
67,98,38
67,104,29
67,109,30
67,113,32
67,118,24
67,119,35
67,122,53
67,123,16
67,128,23
67,134,16
67,136,13
67,141,19
67,142,42
67,156,6
67,158,14
67,161,19
67,169,28
67,170,36
67,185,21
67,186,36
67,188,37
67,196,2
67,199,35
67,200,49
67,203,43
67,212,13
67,213,21
67,223,23
67,224,19
67,236,25
67,239,46
67,248,16
67,252,55
67,261,26
67,265,19
67,271,52
67,272,27
67,277,46
67,280,30
67,285,36
67,290,12
67,297,23
67,303,15
67,304,43
67,308,16
67,313,24
67,315,34
67,322,45
67,323,31
67,324,16
67,325,31
67,332,30
67,334,21
67,342,26
67,344,6
67,345,13
68,99,8
68,143,6
68,175,8
68,177,6
68,225,6
68,227,8
68,263,5
68,296,5
69,105,5
69,121,3
69,236,7
69,304,5
70,230,1
71,230,2
71,307,2
72,113,16
72,132,4
72,141,13
72,165,3
72,172,14
72,199,18
72,200,15
72,212,12
72,232,14
72,239,16
72,252,15
72,271,19
72,272,12
72,291,13
72,298,9
72,329,6
73,88,6
73,126,4
73,130,4
73,299,3
73,331,3
75,85,9
75,170,11
75,188,13
75,200,10
75,258,6
75,272,8
75,274,6
75,304,9
75,322,10
75,323,11
76,270,2
77,117,2
77,231,4
77,294,1
77,332,3
78,181,8
78,195,8
78,218,8
78,273,8
78,275,8
78,306,8
78,328,8
79,119,10
79,185,10
79,188,11
79,200,10
79,252,10
79,271,11
79,272,8
80,88,3
80,92,15
80,94,17
80,101,14
80,173,1
80,180,14
80,187,12
80,194,13
80,204,13
80,213,6
80,242,17
80,249,17
80,266,13
80,299,14
80,300,5
80,315,4
80,320,6
80,330,11
80,346,17
81,269,1
81,286,1
82,84,2
82,98,21
82,118,22
82,119,16
82,121,2
82,123,6
82,148,6
82,158,3
82,169,7
82,170,11
82,172,20
82,199,19
82,203,20
82,211,19
82,222,8
82,231,5
82,238,16
82,252,20
82,261,24
82,268,10
82,271,24
82,313,20
82,314,6
82,318,6
82,325,20
82,331,10
83,84,5
83,237,6
84,224,5
84,236,5
84,237,5
84,265,2
84,276,4
84,304,4
84,313,3
85,156,5
85,170,10
85,176,5
85,188,13
85,258,7
85,271,8
85,272,7
85,274,6
85,322,7
85,323,10
86,175,5
86,177,5
86,225,5
86,227,5
86,278,5
87,136,8
87,161,5
87,213,10
87,246,8
87,291,5
87,308,8
87,315,9
87,322,9
87,339,9
88,106,1
88,126,5
88,130,6
88,164,1
88,178,4
88,186,8
88,236,7
88,242,4
88,303,6
88,322,14
88,336,2
89,95,5
89,147,5
89,219,4
89,319,7
89,327,3
90,179,1
91,110,4
91,193,3
91,201,3
91,245,3
91,259,7
91,264,4
92,94,17
92,101,17
92,180,17
92,187,14
92,194,18
92,196,10
92,204,16
92,242,18
92,249,19
92,254,16
92,266,17
92,299,16
92,302,17
92,330,14
92,346,20
93,111,5
93,137,7
93,167,5
93,310,7
93,337,7
94,101,17
94,180,16
94,187,14
94,194,16
94,204,14
94,242,17
94,249,18
94,254,15
94,266,16
94,299,16
94,300,5
94,302,17
94,315,5
94,320,4
94,330,13
94,346,19
95,147,4
95,319,5
95,327,3
96,133,3
96,190,1
96,213,2
96,224,4
96,274,2
96,314,1
96,323,3
97,182,1
97,230,1
98,103,9
98,104,20
98,109,23
98,113,25
98,118,25
98,119,29
98,122,32
98,123,13
98,128,19
98,141,17
98,148,10
98,170,26
98,172,28
98,186,27
98,199,31
98,200,30
98,203,37
98,211,26
98,223,24
98,238,18
98,239,38
98,252,40
98,258,4
98,261,27
98,265,21
98,271,45
98,272,20
98,276,10
98,277,30
98,280,18
98,285,26
98,291,15
98,304,27
98,313,27
98,315,20
98,325,32
98,331,14
98,332,23
98,342,26
99,102,5
99,131,6
99,143,8
99,175,11
99,177,8
99,225,8
99,227,12
99,263,6
99,278,7
99,296,6
100,119,8
100,150,6
100,163,3
100,189,5
100,217,5
100,269,2
100,323,2
101,180,16
101,187,14
101,194,16
101,204,14
101,242,17
101,249,17
101,254,15
101,266,16
101,299,15
101,302,16
101,317,2
101,330,13
101,346,17
102,175,5
102,227,5
102,263,5
102,296,5
103,136,6
103,169,7
103,172,6
103,185,7
103,200,9
103,211,6
103,252,9
103,271,12
103,285,11
103,323,6
103,339,3
104,109,21
104,113,18
104,122,28
104,123,13
104,128,12
104,142,22
104,169,18
104,186,25
104,188,16
104,200,24
104,203,21
104,212,10
104,239,27
104,252,25
104,271,25
104,277,23
104,295,5
104,303,10
104,318,4
104,322,21
104,325,17
104,332,16
104,344,5
105,119,8
105,148,5
105,236,8
105,257,7
105,272,9
105,277,9
105,280,11
105,315,7
106,169,2
106,231,4
106,238,1
106,329,3
106,332,4
107,171,10
107,348,17
107,353,61
107,363,52
107,366,58
107,376,32
107,389,28
107,414,17
107,420,13
107,428,41
107,475,40
107,483,166
107,484,67
108,127,11
108,159,9
108,184,12
108,197,11
108,251,9
108,272,8
108,281,11
108,284,10
108,320,11
109,118,17
109,119,24
109,122,26
109,142,23
109,148,7
109,158,8
109,169,14
109,186,21
109,200,26
109,203,25
109,229,3
109,239,26
109,252,26
109,271,29
109,277,28
109,285,20
109,295,4
109,297,15
109,303,10
109,304,22
109,314,3
109,322,23
109,323,17
109,324,12
109,325,20
109,331,11
109,332,23
110,259,4
110,264,4
111,137,9
111,214,8
111,279,1
111,310,6
111,312,9
111,326,8
111,337,5
111,343,7
112,174,2
113,119,24
113,121,3
113,122,25
113,132,9
113,134,14
113,142,22
113,148,8
113,158,10
113,165,8
113,169,18
113,172,17
113,186,20
113,188,22
113,199,24
113,200,26
113,203,28
113,239,28
113,252,31
113,261,17
113,271,31
113,277,30
113,285,22
113,291,14
113,304,23
113,313,16
113,325,24
113,334,19
113,342,19
115,116,14
115,137,7
115,140,10
115,144,12
115,149,11
115,192,1
115,214,12
115,220,3
115,226,12
115,262,3
115,312,19
115,326,16
115,343,13
116,140,9
116,144,13
116,149,11
116,162,5
116,214,9
116,226,11
116,312,15
116,326,15
116,343,12
117,231,3
117,280,2
117,285,1
118,134,10
118,161,12
118,172,25
118,199,26
118,200,16
118,203,30
118,211,22
118,222,8
118,238,21
118,239,23
118,252,28
118,261,22
118,265,19
118,268,9
118,271,28
118,277,20
118,283,1
118,304,21
118,313,20
118,322,15
118,324,11
118,325,27
118,331,12
118,342,19
119,122,29
119,125,1
119,128,16
119,132,4
119,146,6
119,148,17
119,150,10
119,163,3
119,170,25
119,171,5
119,176,11
119,185,15
119,188,25
119,189,6
119,199,22
119,200,30
119,203,30
119,208,5
119,217,7
119,229,3
119,239,26
119,248,11
119,252,32
119,261,20
119,269,3
119,271,38
119,277,33
119,280,22
119,285,26
119,297,19
119,313,24
119,318,4
119,323,21
119,324,15
119,325,22
119,329,9
119,331,11
119,332,25
119,339,5
119,342,20
120,136,1
120,247,1
120,277,1
121,165,5
121,169,8
121,206,1
121,236,6
121,280,6
121,315,5
122,123,14
122,128,19
122,136,11
122,141,17
122,142,36
122,156,8
122,161,16
122,169,24
122,170,31
122,176,10
122,186,34
122,188,32
122,200,41
122,203,32
122,213,19
122,224,19
122,232,14
122,235,4
122,236,24
122,239,40
122,248,13
122,251,4
122,252,41
122,261,19
122,271,42
122,272,23
122,274,7
122,276,15
122,277,37
122,280,28
122,281,5
122,284,4
122,285,33
122,297,21
122,303,15
122,304,31
122,315,28
122,322,39
122,323,28
122,325,22
122,332,25
122,342,19
122,344,4
122,345,13
123,142,11
123,186,12
123,200,13
123,239,13
123,252,16
123,261,10
123,318,5
123,334,8
123,342,7
124,157,1
124,170,1
125,136,2
125,169,2
126,260,2
126,322,5
127,135,9
127,139,8
127,159,10
127,184,15
127,197,14
127,251,12
127,272,9
127,281,14
127,284,13
127,309,9
127,320,14
127,346,4
128,150,2
128,169,13
128,170,19
128,172,12
128,176,7
128,186,16
128,199,18
128,203,21
128,211,12
128,213,7
128,223,16
128,248,8
128,252,22
128,265,14
128,271,23
128,313,16
128,315,18
128,322,16
128,334,9
129,168,6
129,291,5
129,339,6
129,347,4
130,191,2
130,204,6
130,213,5
130,257,3
130,277,5
130,300,2
130,322,10
130,329,3
130,346,4
131,143,6
131,177,6
131,225,6
131,227,6
131,278,6
132,134,5
132,158,6
132,242,2
132,277,9
132,303,4
132,311,2
132,315,6
132,317,3
132,334,6
133,141,10
133,183,1
133,188,8
133,224,14
133,232,9
133,236,11
133,271,13
133,276,10
133,280,12
133,315,11
133,322,14
134,142,12
134,199,11
134,203,14
134,238,6
134,248,6
134,252,16
134,277,15
134,304,14
134,334,14
135,184,9
135,197,9
135,251,9
135,281,9
135,284,9
135,309,9
135,320,9
136,146,3
136,156,3
136,169,9
136,213,12
136,246,10
136,285,11
136,304,12
136,308,9
136,315,15
136,322,15
136,324,5
136,339,8
137,140,7
137,167,6
137,214,9
137,243,6
137,289,2
137,310,9
137,312,9
137,326,8
137,337,8
139,159,7
139,184,8
139,197,8
139,251,7
139,281,8
139,284,8
139,320,8
140,144,8
140,214,8
140,312,10
140,326,10
141,172,10
141,199,15
141,224,14
141,236,14
141,239,18
141,257,10
141,258,8
141,271,22
141,272,17
141,276,13
141,280,18
141,291,13
141,304,17
141,323,12
142,158,9
142,161,14
142,169,22
142,170,23
142,186,27
142,188,24
142,200,33
142,203,26
142,236,16
142,239,27
142,252,33
142,271,29
142,277,32
142,280,22
142,285,24
142,297,17
142,303,14
142,308,13
142,315,23
142,322,33
142,323,25
142,332,21
142,334,19
142,345,11
143,175,9
143,177,9
143,225,8
143,227,8
143,278,8
143,321,2
144,149,9
144,151,5
144,226,10
144,312,13
144,326,12
144,343,9
145,179,1
146,148,4
146,285,4
146,313,4
146,317,2
146,339,5
147,219,4
147,319,5
148,176,5
148,185,6
148,224,5
148,229,3
148,261,8
148,271,14
148,272,7
148,339,3
149,162,7
149,226,12
149,312,12
149,326,12
149,333,6
149,343,12
150,163,3
150,171,5
150,189,6
150,217,7
150,324,4
150,329,3
151,310,4
151,312,5
152,181,3
152,275,3
152,339,1
153,280,1
154,219,1
155,157,1
156,188,7
156,235,3
156,258,6
156,272,7
156,295,3
158,168,5
158,232,6
158,242,3
158,248,5
158,291,11
158,304,11
158,315,11
158,317,3
158,322,13
158,325,9
158,332,10
158,339,6
159,172,2
159,184,10
159,197,10
159,272,9
159,277,4
159,281,10
159,284,9
159,320,9
159,345,2
160,260,1
161,199,14
161,203,16
161,213,8
161,252,16
161,258,2
161,271,17
161,277,19
161,304,16
161,308,12
161,314,3
161,322,20
161,325,13
161,339,4
162,312,6
162,326,6
162,333,4
162,343,7
163,173,1
163,249,1
164,285,1
165,169,5
165,188,6
165,200,7
165,334,6
165,342,4
166,173,2
166,198,1
166,202,2
167,243,4
167,310,6
167,337,6
168,277,6
168,291,7
168,304,6
168,339,9
168,347,6
169,185,11
169,236,16
169,239,17
169,248,11
169,252,26
169,257,8
169,271,27
169,277,24
169,280,21
169,291,14
169,315,22
169,318,6
169,322,23
169,332,19
169,334,14
170,176,12
170,185,16
170,186,25
170,188,32
170,200,31
170,203,31
170,211,15
170,223,19
170,239,27
170,250,3
170,252,30
170,260,2
170,268,5
170,271,35
170,274,11
170,277,28
170,285,27
170,290,12
170,304,23
170,313,18
170,315,23
170,322,31
170,323,27
170,332,18
170,334,14
170,341,11
170,342,19
171,189,5
171,217,5
172,199,29
172,203,28
172,211,24
172,212,12
172,223,17
172,231,10
172,232,11
172,238,18
172,239,27
172,252,28
172,261,22
172,265,22
172,268,9
172,271,34
172,277,18
172,298,10
172,304,20
172,308,7
172,313,21
172,325,25
172,329,7
172,331,11
172,332,15
172,342,19
173,202,2
173,348,5
173,414,4
173,427,4
173,464,2
174,293,2
175,177,9
175,225,8
175,227,13
175,263,6
175,277,1
175,278,8
175,296,6
175,321,2
176,188,11
176,239,8
176,271,13
176,290,5
177,225,9
177,227,9
177,278,9
178,186,7
178,206,1
178,213,8
178,231,3
178,272,4
178,303,7
178,322,9
178,329,5
178,345,5
180,187,15
180,194,17
180,196,9
180,204,15
180,242,16
180,249,17
180,254,15
180,266,16
180,299,15
180,302,16
180,346,17
181,195,8
181,218,8
181,273,8
181,275,9
181,306,8
181,328,8
182,253,1
184,197,15
184,251,12
184,272,10
184,281,14
184,284,14
184,309,9
184,320,16
184,329,5
184,346,5
185,188,19
185,200,18
185,271,21
185,272,12
185,274,4
185,280,15
185,285,15
185,290,9
185,297,13
185,315,12
185,322,16
185,344,2
186,188,23
186,199,19
186,200,31
186,203,29
186,213,14
186,221,7
186,222,4
186,223,17
186,236,16
186,239,32
186,252,31
186,271,31
186,272,18
186,277,27
186,285,26
186,303,17
186,322,33
186,323,20
186,325,21
186,331,7
186,341,9
186,345,12
187,194,14
187,242,14
187,249,14
187,254,12
187,266,13
187,299,13
187,302,13
187,346,14
188,200,34
188,208,5
188,223,14
188,224,14
188,239,26
188,252,31
188,258,8
188,271,38
188,272,23
188,274,11
188,277,31
188,280,25
188,285,25
188,290,13
188,291,15
188,297,18
188,304,25
188,315,22
188,322,32
188,323,28
188,334,14
188,341,9
188,342,18
189,217,6
190,229,1
192,205,1
193,259,3
194,196,9
194,204,14
194,242,16
194,249,17
194,254,15
194,266,16
194,299,15
194,302,15
194,346,18
195,218,8
195,273,8
195,275,8
195,306,8
195,328,8
196,204,10
196,249,10
196,254,10
196,266,10
196,285,2
196,330,8
196,346,10
197,251,12
197,272,9
197,281,14
197,284,14
197,309,9
197,320,14
197,329,5
198,348,9
198,351,3
198,364,8
198,393,6
198,399,7
198,441,7
198,476,5
199,200,24
199,203,33
199,211,21
199,212,13
199,222,9
199,223,22
199,231,11
199,232,16
199,238,20
199,239,32
199,252,34
199,261,23
199,265,22
199,271,40
199,288,3
199,291,14
199,298,10
199,304,25
199,313,26
199,314,7
199,315,20
199,322,22
199,324,10
199,325,29
199,342,22
200,203,32
200,223,16
200,224,18
200,232,17
200,236,19
200,239,36
200,248,11
200,252,40
200,271,42
200,274,10
200,276,14
200,277,37
200,280,27
200,285,28
200,297,21
200,304,32
200,322,36
200,323,29
200,324,13
200,325,23
200,332,26
200,334,17
201,259,3
202,329,1
203,211,26
203,223,21
203,238,18
203,239,36
203,261,26
203,265,20
203,268,10
203,270,2
203,271,45
203,272,17
203,277,37
203,285,27
203,297,18
203,304,32
203,308,12
203,313,25
203,315,22
203,322,30
203,324,14
203,325,33
203,331,16
203,332,23
203,334,17
203,338,4
203,341,7
203,342,25
204,213,9
204,242,16
204,249,17
204,254,14
204,266,15
204,277,4
204,302,14
204,329,2
204,330,13
204,346,17
206,260,1
207,322,2
208,277,6
208,285,5
208,291,4
208,332,5
211,222,8
211,223,17
211,238,18
211,239,20
211,261,20
211,265,18
211,268,10
211,271,27
211,272,8
211,285,14
211,304,15
211,313,22
211,315,12
211,325,21
211,331,9
211,342,18
212,232,11
212,239,16
212,252,12
212,271,15
212,295,4
212,298,9
212,304,11
212,344,4
213,224,12
213,231,8
213,236,10
213,239,12
213,242,7
213,246,9
213,249,7
213,272,12
213,277,19
213,285,15
213,291,10
213,303,13
213,308,9
213,315,24
213,322,26
213,324,8
213,332,12
213,340,4
213,345,9
214,230,2
214,289,3
214,312,13
214,326,12
214,333,3
214,343,11
216,243,1
217,324,3
218,273,8
218,275,8
218,306,8
218,328,8
219,319,4
220,262,3
220,312,3
221,285,6
221,303,6
221,322,7
222,238,8
222,240,1
222,313,8
222,325,9
223,239,22
223,246,2
223,252,22
223,261,17
223,265,18
223,271,24
223,313,21
223,315,16
223,325,20
223,342,18
224,232,12
224,236,17
224,261,6
224,271,22
224,276,14
224,291,11
224,304,17
224,315,15
224,322,19
224,324,7
224,332,12
225,227,9
225,278,8
226,312,12
226,326,12
226,333,5
226,343,12
227,263,6
227,278,8
227,296,6
228,283,2
229,334,1
230,253,1
230,307,2
231,232,10
231,239,9
231,280,11
231,291,11
231,315,9
231,329,10
231,332,11
232,239,18
232,271,22
232,276,12
232,280,14
232,285,10
232,291,12
232,298,9
232,322,18
233,256,1
234,239,1
236,248,8
236,252,19
236,257,11
236,271,25
236,272,15
236,276,12
236,280,22
236,297,13
236,303,10
236,304,19
236,314,2
236,315,20
236,318,4
236,322,26
238,239,16
238,252,18
238,261,18
238,265,16
238,271,18
238,313,18
238,324,5
238,325,19
238,342,16
239,252,42
239,261,25
239,265,19
239,271,46
239,272,21
239,276,12
239,277,34
239,280,23
239,285,30
239,295,5
239,303,11
239,304,30
239,313,24
239,322,32
239,323,21
239,325,31
239,338,3
239,344,5
242,249,19
242,254,15
242,266,16
242,299,15
242,302,17
242,322,5
242,330,13
242,346,18
243,310,5
243,312,3
243,337,5
244,282,1
245,259,3
246,285,7
246,304,7
246,308,7
246,315,10
246,322,11
246,339,7
246,340,4
248,252,15
248,265,6
248,277,14
248,291,7
248,311,3
248,323,9
248,332,15
249,254,16
249,266,17
249,299,15
249,302,18
249,304,2
249,315,7
249,330,14
249,346,19
250,252,4
250,322,3
251,281,13
251,284,13
251,309,9
251,320,11
252,261,27
252,265,19
252,271,50
252,272,21
252,277,42
252,280,25
252,285,29
252,291,19
252,297,21
252,304,36
252,308,14
252,313,25
252,315,26
252,322,33
252,324,13
252,325,31
252,332,25
252,334,19
252,338,5
252,342,27
252,345,10
254,266,15
254,299,13
254,302,15
254,330,13
254,346,16
257,258,5
257,272,9
257,280,13
257,295,3
257,304,9
257,315,9
257,322,10
257,344,1
258,272,11
258,291,6
258,295,4
258,323,6
259,264,4
260,322,5
260,339,2
261,265,18
261,268,9
261,271,31
261,285,15
261,297,9
261,313,24
261,314,7
261,318,6
261,325,24
261,342,25
261,345,5
262,312,3
263,296,6
265,271,23
265,298,7
265,311,3
265,313,21
265,325,21
265,331,8
265,342,17
266,302,15
266,330,13
266,346,17
268,271,10
268,325,9
269,329,2
271,272,28
271,276,15
271,277,39
271,280,31
271,285,33
271,290,13
271,291,20
271,297,22
271,298,10
271,304,36
271,313,29
271,314,9
271,315,31
271,318,7
271,322,42
271,323,27
271,325,35
271,331,15
271,332,29
271,342,31
272,277,22
272,280,22
272,281,9
272,285,18
272,291,15
272,297,14
272,304,21
272,320,9
272,329,10
272,346,4
273,275,8
273,306,8
273,328,8
274,323,11
274,341,4
275,306,8
275,328,8
276,322,14
277,280,28
277,285,30
277,290,11
277,291,22
277,294,1
277,304,35
277,308,16
277,311,4
277,315,27
277,322,34
277,323,26
277,324,13
277,325,26
277,332,31
277,334,21
277,339,10
277,342,21
280,290,9
280,291,18
280,297,18
280,304,22
280,315,27
280,322,28
280,323,21
280,329,10
280,332,20
281,284,14
281,309,9
281,320,13
284,309,9
284,320,13
284,329,4
285,303,13
285,304,24
285,313,18
285,315,25
285,322,31
285,323,22
285,332,21
285,342,18
285,345,11
288,315,2
290,322,12
290,323,10
290,342,8
291,315,20
291,329,8
291,332,18
291,339,9
297,322,19
297,323,16
297,324,7
299,300,4
299,302,15
299,330,12
299,346,17
300,320,4
300,346,6
301,324,1
302,315,4
302,330,13
302,346,17
303,315,11
303,322,19
303,345,11
304,308,16
304,315,29
304,322,34
304,324,13
304,325,23
304,332,22
304,334,17
304,341,7
304,347,3
305,312,1
306,328,8
308,322,17
308,323,7
308,329,3
308,334,10
308,338,4
309,320,9
310,337,8
311,325,3
311,344,1
312,326,18
312,343,16
313,314,6
313,315,16
313,325,24
313,339,4
313,342,24
314,342,5
315,322,39
315,323,15
315,324,11
315,329,8
315,339,10
315,345,10
318,334,3
319,327,3
320,329,5
320,346,8
322,323,27
322,329,9
322,339,11
322,341,10
322,342,16
322,345,13
323,332,18
323,341,9
324,329,6
324,331,6
324,332,13
324,340,2
325,342,23
326,343,14
329,332,10
330,346,14
331,332,11
333,343,7
334,339,2
339,340,3
339,347,5
348,349,4
348,350,20
348,351,4
348,352,22
348,353,53
348,354,25
348,355,38
348,356,2
348,357,17
348,358,0
348,359,25
348,360,42
348,361,22
348,362,18
348,363,52
348,364,8
348,365,5
348,366,50
348,367,31
348,368,33
348,369,25
348,370,63
348,371,4
348,372,16
348,373,78
348,374,63
348,375,16
348,376,100
348,377,1
348,378,52
348,379,1
348,380,10
348,381,11
348,382,11
348,383,2
348,384,3
348,385,7
348,386,2
348,387,35
348,388,37
348,389,20
348,390,5
348,391,55
348,392,38
348,393,6
348,394,30
348,395,64
348,396,26
348,397,46
348,398,32
348,399,7
348,400,61
348,401,1
348,402,56
348,403,19
348,404,50
348,405,10
348,406,3
348,407,14
348,408,54
348,409,33
348,410,14
348,411,2
348,412,88
348,413,16
348,414,45
348,415,25
348,416,20
348,417,61
348,418,22
348,419,56
348,420,27
348,421,24
348,422,32
348,423,43
348,424,16
348,425,18
348,426,17
348,427,8
348,428,73
348,429,9
348,430,37
348,431,65
348,432,54
348,433,9
348,434,29
348,435,9
348,436,46
348,437,9
348,438,59
348,439,42
348,440,13
348,441,7
348,442,11
348,443,1
348,444,46
348,445,26
348,446,17
348,447,0
348,448,2
348,449,9
348,450,21
348,451,24
348,452,41
348,453,4
348,454,2
348,455,36
348,456,60
348,457,19
348,458,25
348,459,9
348,460,65
348,461,45
348,462,18
348,463,42
348,464,4
348,465,69
348,466,8
348,467,3
348,468,1
348,469,21
348,470,15
348,471,30
348,472,4
348,473,31
348,474,19
348,475,90
348,476,5
348,477,11
348,478,7
348,479,36
348,480,5
348,481,26
348,482,33
348,483,73
348,484,51
348,485,4
348,486,15
348,487,32
348,488,27
348,489,23
348,490,12
348,491,10
348,492,54
348,493,55
348,494,22
348,495,22
348,496,34
348,497,82
348,498,5
348,499,2
348,500,73
414,363,31
414,370,37
414,373,53
414,374,34
414,376,57
414,378,43
414,391,35
414,394,21
414,395,39
414,400,42
414,412,43
414,422,34
414,423,38
414,427,5
414,428,48
414,431,34
414,434,20
414,436,44
414,438,42
414,461,34
414,465,38
414,475,44
414,480,3
414,483,47
414,492,43
414,496,23
414,500,35
428,353,52
428,360,31
428,366,53
428,370,49
428,373,60
428,376,73
428,378,43
428,387,31
428,391,39
428,392,27
428,395,55
428,400,55
428,402,44
428,404,28
428,405,4
428,408,34
428,412,58
428,415,17
428,417,46
428,419,24
428,423,43
428,425,15
428,427,5
428,430,23
428,431,49
428,432,32
428,434,23
428,436,42
428,438,51
428,444,27
428,451,16
428,452,22
428,456,42
428,460,47
428,461,40
428,463,18
428,465,54
428,473,19
428,475,68
428,479,23
428,482,23
428,484,52
428,492,45
428,497,47
428,500,42
353,363,62
353,366,70
353,370,30
353,373,39
353,376,51
353,388,23
353,391,34
353,394,19
353,400,45
353,404,27
353,408,30
353,409,22
353,412,42
353,417,35
353,419,29
353,420,20
353,430,21
353,431,38
353,432,22
353,446,12
353,460,26
353,462,8
353,471,19
353,475,58
353,482,20
353,483,90
353,484,64
353,487,23
353,492,43
353,493,30
353,496,19
353,497,40
353,500,36
363,366,59
363,367,12
363,368,18
363,370,35
363,373,42
363,374,40
363,376,56
363,378,38
363,385,6
363,388,19
363,402,29
363,409,18
363,412,45
363,417,32
363,419,22
363,432,24
363,436,33
363,444,17
363,455,10
363,461,30
363,463,15
363,475,66
363,481,6
363,482,20
363,483,84
363,484,51
363,487,17
363,492,39
363,493,24
363,497,39
363,500,40
366,368,17
366,373,41
366,374,31
366,376,53
366,378,35
366,391,36
366,394,21
366,395,30
366,400,40
366,402,27
366,404,20
366,408,26
366,412,42
366,417,35
366,430,17
366,431,35
366,434,18
366,436,31
366,438,35
366,446,14
366,460,26
366,475,60
366,482,24
366,483,84
366,484,59
366,492,38
366,493,25
366,496,23
366,497,40
376,354,20
376,355,28
376,359,18
376,360,33
376,361,17
376,367,25
376,370,61
376,373,81
376,374,57
376,378,56
376,387,30
376,388,30
376,390,4
376,391,55
376,394,26
376,395,56
376,396,20
376,397,26
376,400,58
376,402,46
376,405,7
376,410,10
376,412,69
376,413,11
376,417,50
376,419,29
376,420,22
376,423,47
376,426,12
376,431,52
376,432,42
376,434,28
376,436,54
376,438,63
376,439,36
376,442,10
376,444,35
376,446,16
376,450,19
376,452,35
376,456,40
376,458,20
376,460,47
376,461,48
376,463,34
376,465,58
376,471,26
376,473,20
376,475,96
376,481,18
376,482,28
376,483,76
376,487,23
376,488,24
376,489,19
376,490,11
376,491,10
376,492,53
376,496,32
376,497,60
376,500,63
389,357,15
389,369,16
389,380,10
389,381,11
389,397,10
389,419,12
389,424,16
389,435,7
389,457,16
389,459,8
389,469,15
389,486,15
389,497,3
420,370,20
420,374,20
420,397,11
420,400,15
420,430,17
420,432,21
420,439,18
420,451,17
420,465,21
420,471,19
420,483,26
420,484,17
475,355,29
475,359,18
475,361,16
475,367,26
475,370,50
475,373,68
475,374,51
475,378,52
475,388,28
475,390,4
475,391,51
475,392,28
475,394,22
475,396,20
475,400,49
475,402,38
475,403,15
475,410,11
475,417,41
475,418,16
475,419,26
475,423,35
475,431,45
475,432,38
475,434,26
475,436,45
475,438,51
475,439,29
475,442,8
475,444,28
475,446,16
475,450,19
475,452,34
475,458,19
475,460,41
475,461,39
475,463,29
475,465,48
475,471,23
475,474,16
475,481,17
475,482,30
475,483,79
475,484,48
475,487,22
475,488,21
475,489,20
475,490,11
475,491,10
475,492,50
475,496,30
475,497,57
475,500,60
483,367,13
483,370,46
483,373,58
483,374,49
483,378,46
483,385,6
483,388,28
483,391,44
483,392,32
483,395,46
483,397,16
483,404,31
483,408,34
483,412,59
483,416,18
483,417,45
483,419,31
483,422,18
483,430,27
483,431,49
483,432,32
483,436,41
483,438,49
483,444,25
483,446,13
483,461,37
483,463,18
483,465,53
483,473,19
483,479,21
483,482,24
483,484,78
483,487,25
483,492,52
483,493,36
483,494,14
483,496,29
483,497,51
483,500,52
484,350,4
484,352,16
484,375,14
484,378,29
484,391,31
484,398,22
484,400,38
484,404,32
484,408,33
484,412,38
484,419,28
484,423,28
484,430,22
484,431,42
484,436,25
484,440,10
484,456,34
484,465,32
484,479,23
484,482,18
484,493,35
484,494,17
484,497,37
484,500,32
427,425,3
427,464,2
427,496,2
464,384,2
351,364,3
351,454,2
364,393,6
364,399,7
364,441,7
364,476,5
393,399,6
393,441,6
399,441,7
399,476,5
441,476,5
349,434,3
349,478,4
350,369,8
350,384,2
350,397,9
350,407,9
350,419,6
350,426,8
350,433,7
350,455,13
350,497,6
352,368,18
352,375,15
352,394,9
352,398,20
352,404,18
352,408,18
352,409,20
352,412,16
352,431,19
352,456,18
352,462,13
352,479,19
352,492,10
352,493,19
352,494,15
354,355,22
354,359,15
354,361,17
354,382,10
354,396,18
354,397,9
354,403,14
354,450,15
354,452,19
354,458,10
354,463,15
354,470,14
354,474,13
354,481,15
354,489,18
354,497,12
354,500,17
355,359,19
355,361,17
355,367,19
355,373,17
355,382,11
355,396,22
355,397,12
355,402,13
355,403,18
355,410,12
355,412,17
355,418,12
355,452,23
355,455,14
355,460,13
355,463,19
355,470,12
355,474,17
355,481,18
355,489,19
355,497,18
355,500,25
356,411,1
356,472,1
357,369,15
357,397,12
357,419,11
357,424,13
357,457,16
357,459,8
357,469,14
357,477,8
357,486,13
359,361,17
359,367,17
359,391,5
359,396,18
359,403,12
359,405,4
359,422,10
359,452,14
359,455,7
359,470,11
359,474,14
359,481,14
359,489,18
359,491,5
360,362,10
360,365,3
360,370,30
360,373,31
360,387,24
360,388,16
360,395,28
360,402,33
360,412,31
360,415,14
360,417,28
360,422,15
360,432,21
360,438,28
360,442,6
360,444,20
360,460,33
360,461,25
360,463,16
360,495,16
360,497,28
361,396,18
361,405,5
361,450,14
361,463,14
361,470,10
361,474,13
361,481,15
361,489,16
361,500,14
362,371,3
362,373,10
362,412,10
362,413,9
362,415,11
362,445,11
362,460,18
362,463,12
362,473,12
362,482,3
362,492,8
362,495,10
365,408,4
367,373,16
367,378,12
367,391,15
367,396,15
367,403,12
367,412,19
367,416,3
367,422,14
367,452,15
367,455,9
367,474,11
367,481,15
367,489,15
367,490,7
367,491,9
368,371,1
368,374,17
368,375,15
368,378,13
368,395,18
368,398,23
368,404,22
368,408,22
368,409,24
368,412,23
368,416,8
368,419,19
368,431,26
368,456,25
368,462,13
368,479,18
368,493,26
368,494,18
368,497,21
368,500,19
369,378,3
369,380,9
369,381,11
369,397,13
369,407,5
369,419,13
369,424,15
369,433,5
369,435,6
369,442,2
369,455,6
369,457,16
369,469,14
369,477,8
369,486,13
370,373,56
370,374,45
370,378,36
370,387,25
370,388,22
370,392,26
370,395,46
370,397,17
370,402,38
370,412,51
370,413,10
370,415,12
370,416,11
370,417,39
370,419,27
370,423,34
370,430,27
370,431,36
370,432,37
370,436,38
370,438,43
370,439,29
370,451,19
370,452,21
370,456,32
370,458,13
370,460,37
370,461,43
370,465,47
370,469,9
370,471,26
370,492,37
370,497,46
371,460,3
372,410,3
372,421,7
372,422,7
372,429,4
372,444,7
372,455,8
372,460,8
373,374,50
373,378,50
373,387,29
373,388,27
373,390,4
373,391,48
373,392,28
373,395,54
373,397,16
373,400,50
373,402,44
373,408,28
373,412,63
373,413,12
373,417,48
373,421,12
373,423,45
373,425,13
373,431,47
373,434,26
373,436,49
373,438,57
373,439,30
373,446,13
373,450,9
373,456,39
373,460,44
373,461,50
373,463,23
373,465,52
373,471,22
373,473,22
373,491,8
373,492,51
373,496,31
373,497,51
373,498,1
373,500,54
374,378,39
374,391,39
374,402,37
374,412,49
374,417,41
374,418,14
374,419,22
374,430,22
374,431,39
374,432,39
374,438,44
374,439,30
374,444,25
374,451,19
374,456,34
374,460,38
374,461,35
374,463,17
374,465,44
374,482,23
374,488,18
374,492,35
374,496,26
374,497,46
374,500,39
375,398,16
375,404,16
375,408,15
375,409,15
375,431,14
375,456,15
375,479,14
375,493,16
375,494,12
377,383,1
378,391,44
378,394,19
378,400,44
378,412,46
378,417,34
378,423,32
378,426,8
378,431,41
378,434,25
378,436,40
378,452,16
378,456,29
378,461,31
378,465,39
378,471,18
378,482,19
378,487,14
378,488,18
378,492,46
378,495,8
378,496,27
378,497,38
378,500,38
380,424,10
380,457,10
380,486,9
381,419,8
381,424,11
381,457,10
381,469,10
381,486,11
382,403,7
382,410,6
382,452,9
382,470,8
382,474,7
382,500,9
383,387,1
385,423,4
385,436,7
385,461,7
386,401,1
387,395,29
387,400,26
387,402,27
387,406,1
387,408,21
387,412,27
387,415,10
387,417,30
387,436,22
387,438,29
387,444,21
387,461,26
387,465,27
388,400,25
388,404,18
388,412,26
388,415,10
388,421,11
388,438,24
388,444,20
388,445,12
388,450,10
388,452,18
388,463,14
388,465,25
388,487,19
388,492,22
388,493,20
388,496,14
388,497,27
388,500,29
390,450,5
391,394,21
391,400,46
391,412,44
391,417,36
391,423,31
391,431,41
391,438,40
391,446,17
391,456,31
391,458,9
391,460,27
391,465,37
391,482,24
391,487,19
391,488,18
391,490,9
391,491,10
391,492,41
391,493,25
391,497,37
391,500,39
392,394,11
392,404,22
392,412,30
392,423,27
392,430,18
392,431,30
392,436,22
392,456,25
392,460,21
392,465,29
392,473,17
392,482,14
392,487,15
392,492,28
392,493,21
392,497,29
392,500,26
394,398,11
394,400,29
394,408,18
394,436,19
394,438,22
394,479,15
394,488,16
394,492,25
395,398,21
395,400,45
395,402,38
395,404,29
395,408,37
395,412,52
395,413,10
395,417,45
395,419,28
395,421,8
395,422,21
395,423,38
395,425,11
395,430,21
395,431,44
395,436,38
395,438,46
395,451,16
395,452,18
395,456,40
395,460,37
395,461,41
395,463,16
395,465,49
395,471,20
395,479,26
395,488,19
395,495,13
395,497,43
396,403,13
396,410,11
396,422,10
396,450,14
396,470,10
396,474,18
396,481,16
396,489,19
396,500,16
397,402,19
397,418,11
397,419,14
397,421,9
397,422,12
397,426,10
397,432,22
397,439,17
397,444,17
397,449,7
397,457,12
397,458,10
397,469,12
397,477,10
397,481,8
397,485,4
398,404,25
398,408,28
398,409,22
398,412,22
398,430,13
398,431,26
398,445,4
398,456,27
398,462,14
398,479,24
398,488,11
398,493,28
398,494,19
398,497,20
400,404,34
400,408,38
400,409,21
400,412,51
400,415,11
400,417,43
400,419,26
400,421,13
400,431,50
400,432,23
400,434,22
400,436,40
400,438,47
400,444,25
400,445,15
400,456,36
400,461,32
400,465,52
400,482,20
400,487,26
400,488,23
400,492,50
400,493,34
400,497,41
400,500,46
402,412,36
402,413,10
402,415,17
402,417,41
402,421,15
402,422,16
402,425,10
402,432,30
402,436,26
402,438,36
402,444,28
402,451,17
402,458,12
402,460,45
402,463,19
402,465,35
402,482,17
402,493,18
402,495,16
402,497,38
402,500,28
403,452,16
403,458,10
403,470,11
403,489,13
403,497,10
404,408,37
404,409,26
404,415,11
404,419,24
404,421,12
404,431,39
404,440,11
404,444,17
404,445,15
404,452,10
404,456,32
404,462,15
404,465,31
404,479,26
404,482,14
404,487,22
404,493,40
404,494,18
404,496,11
404,500,28
405,418,2
405,478,1
406,437,2
407,426,7
407,433,9
407,455,10
407,458,3
407,490,2
408,409,24
408,412,38
408,417,34
408,419,27
408,430,21
408,431,40
408,438,31
408,439,18
408,440,10
408,444,22
408,445,15
408,456,37
408,461,19
408,465,33
408,473,17
408,479,30
408,487,21
408,488,16
408,493,40
408,500,31
409,412,25
409,419,19
409,431,27
409,456,23
409,460,11
409,462,16
409,479,21
409,487,16
409,492,19
409,493,28
409,494,17
409,497,21
409,500,19
410,463,8
410,474,9
410,500,12
411,498,1
412,416,15
412,417,46
412,418,11
412,422,22
412,423,40
412,430,25
412,431,50
412,432,34
412,434,23
412,436,41
412,438,52
412,442,6
412,452,21
412,455,14
412,456,45
412,460,42
412,461,40
412,473,19
412,481,10
412,482,26
412,487,21
412,488,19
412,492,50
412,493,37
412,494,17
412,496,27
412,500,54
413,415,11
413,445,9
413,448,2
413,460,16
413,461,9
413,463,13
413,465,13
413,473,11
415,421,11
415,444,16
415,445,17
415,460,19
415,463,12
415,465,18
415,473,13
415,495,12
416,417,11
416,419,9
416,430,13
416,432,10
416,465,13
416,493,14
416,494,8
416,497,14
416,500,12
417,421,12
417,431,40
417,438,43
417,444,31
417,445,15
417,456,37
417,460,42
417,461,35
417,465,44
417,479,22
417,492,41
417,493,33
417,495,18
417,497,47
417,500,41
418,432,15
418,463,9
418,465,7
418,481,9
418,497,11
419,422,5
419,423,21
419,424,11
419,430,21
419,431,32
419,440,9
419,452,10
419,456,27
419,469,15
419,471,13
419,486,10
419,487,18
419,488,11
419,492,23
419,493,25
421,444,15
421,445,11
421,455,6
421,457,3
421,465,15
421,487,9
421,493,11
421,500,14
422,432,18
422,438,19
422,444,15
422,449,4
422,455,11
422,460,16
422,474,8
422,481,11
422,489,9
422,497,16
423,425,7
423,430,17
423,431,36
423,436,38
423,444,14
423,456,32
423,461,31
423,465,37
423,473,15
423,492,36
423,497,32
423,500,35
424,435,5
424,457,14
424,469,13
424,486,14
425,434,7
425,439,9
425,456,13
425,460,12
425,477,3
425,479,6
426,431,7
426,455,8
426,471,7
429,455,8
429,466,8
429,481,6
430,432,24
430,439,16
430,451,17
430,456,25
430,465,26
430,469,6
430,471,18
430,493,23
430,497,24
431,432,27
431,434,20
431,436,37
431,438,42
431,440,10
431,456,47
431,462,15
431,465,44
431,471,21
431,472,1
431,479,30
431,482,23
431,487,25
431,492,43
431,493,42
431,497,44
431,500,43
432,438,31
432,439,25
432,444,23
432,451,19
432,452,22
432,455,15
432,456,24
432,460,29
432,465,32
432,471,20
432,482,18
432,497,38
433,455,8
434,436,25
434,456,17
434,458,7
434,478,5
434,488,11
434,490,5
434,492,21
434,496,21
434,497,21
435,459,5
435,497,3
436,438,43
436,461,36
436,465,36
436,478,3
436,488,20
436,492,37
436,496,25
436,497,35
437,453,2
437,462,2
437,463,1
437,467,3
437,498,3
437,499,2
438,444,29
438,446,10
438,452,21
438,456,35
438,460,37
438,461,38
438,465,46
438,473,16
438,488,21
438,492,41
438,493,25
438,495,14
438,496,24
438,497,42
438,500,44
439,442,6
439,444,20
439,445,9
439,451,17
439,456,24
439,458,8
439,461,22
439,465,30
439,471,19
439,473,12
439,477,4
439,487,11
439,500,23
440,449,1
440,456,11
440,479,9
440,493,10
440,496,4
442,460,8
443,453,1
444,445,16
444,449,5
444,460,25
444,473,14
444,487,18
444,488,11
444,495,13
444,500,28
445,460,15
445,463,11
445,465,19
445,473,15
445,487,13
445,492,11
445,493,13
445,495,11
445,500,18
446,482,10
446,487,7
446,490,6
446,491,7
446,492,12
448,460,2
449,480,3
450,452,13
450,463,15
450,474,12
450,481,13
450,489,14
450,497,9
450,500,17
451,465,21
451,471,16
451,493,9
452,460,21
452,463,18
452,465,20
452,470,11
452,489,16
452,497,26
452,500,28
453,468,1
453,498,2
455,466,7
455,497,13
455,500,13
456,460,31
456,462,13
456,465,38
456,473,18
456,479,30
456,493,35
456,494,18
456,495,9
456,496,17
456,497,42
457,459,8
457,469,14
457,477,8
457,486,14
458,469,5
458,470,5
458,482,10
458,489,6
458,490,6
458,496,10
458,497,17
459,486,6
460,461,28
460,463,25
460,465,35
460,473,21
460,479,15
460,482,19
460,492,33
460,495,21
460,497,40
461,463,16
461,465,36
461,471,16
461,492,32
461,497,33
462,487,8
462,493,16
462,494,11
463,473,13
463,481,15
463,489,15
463,500,27
465,471,24
465,473,23
465,487,23
465,493,34
465,495,16
465,500,47
466,481,6
469,486,12
469,497,5
473,479,12
473,495,10
474,481,13
474,489,15
474,500,14
477,485,4
478,496,4
479,492,17
479,493,24
481,489,17
482,496,18
482,497,26
487,492,22
487,493,24
487,500,28
488,496,13
488,497,18
490,491,8
492,495,10
492,497,41
492,500,42
493,494,22
493,497,35
493,500,35
494,497,16
496,497,25
497,500,48
